<?xml version="1.0" encoding="UTF-8" ?>
<!DOCTYPE configuration
  PUBLIC "-//mybatis.org//DTD Config 3.0//EN"
  "http://mybatis.org/dtd/mybatis-3-config.dtd">

<configuration>
    <!-- 이 순서 중요함.settings는 properties 요소보다 뒤에 올 수 없음 -->
    <properties>
        <!-- 필요하다면 여기에 properties를 추가 -->
    </properties>
    <!-- <settings>
        <setting name="mapUnderscoreToCamelCase" value="true"/>
    </settings> -->
    <typeAliases>
        <!-- <typeAlias type="com.javalab.board.vo.BoardVo" alias="BoardVo"/> -->
        <typeAlias type="com.javalab.board.vo.ProductVo" alias="ProductVo"/>
    </typeAliases>
</configuration>